INSERT INTO ALUMNO(id,nombre,apellido,dni,fecha_nacimiento,direccion,correo,estado)VALUES
(4,'Jorge','Nuñez Mesones','73214244','1/04/1999','Av.JLO cdr01','nmesonesb@gmail.com','A'),
(5,'Leslie','Martinez Soplapuco','73214240','1/04/1999','Av.Pedro Ruiz 001','martinezlibra@gmail.com','A'),
(6,'Daniel','Paz Arana','73214241','1/04/1999','Av.Balta cdr02','ludapaz@gmail.com','A'),
(7,'Luis','Pisfil Bravo','73214242','1/04/1999','Av.JLO cdr01','luis0909@gmail.com','A'),
(8,'José','Sandoval Galo','73214243','1/04/1999','Av.JLO cdr02','JSandova@gmail.com','A'),
(9,'Juan','Gamonal Rojas','73214244','01/01/1999','Av.JLO cdr03','JGamonal@gmail.com','A'),
(10,'Andrés','Rojas Vargas','73214245','11/01/1999','Av.JLO cdr04','ARojas@gmail.com','A'),
(11,'Alonso','Rosas Garcia','73214246','12/01/2000','Av.JLO cdr05','AlRosas@gmail.com','A'),
(12,'Javier','Gomez Villar','73214247','13/01/2000','Av.JLO cdr06','JGomez@gmail.com','A'),
(13,'Arnold','Rojas Villar','73214248','14/01/2000','Av.Ramón Castilla 001','ArRojas@gmail.com','A'),
(14,'Carlos','Vasco Mujica','73214249','15/02/2000','Av.Ramón Castilla 003','CVasco@gmail.com','A'),
(15,'Dariel','Valverde Rondón','73214251','16/02/2000','Av.Ramón Castilla 008','DValverde@gmail.com','A'),
(16,'Critian','Castro Velarde','73214252','17/02/2000','Av.Ramón Castilla 007','CCastro@gmail.com','A'),
(17,'Mariana','Garcia Buendia','73214253','18/03/2001','Av.Ramón Castilla 005','MGarcia@gmail.com','A'),
(18,'Marcial','Sarate Marcelo','73214254','19/03/2001','Av.Ramón Castilla 002','MSarate@gmail.com','A'),
(19,'Juliana','Oregón Buendia','73214255','20/04/2001','Residencial Leguía dpto01','JOregon@gmail.com','A'),
(20,'Mariela','Sarate Villar','73211256','25/04/1999','Residencial Leguía dpto05','MaSarate@gmail.com','A'),
(21,'Carlos','Villar Gonzáles','73212256','25/07/1998','Residencial Leguía dpto03','CaVillarG@gmail.com','A'),
(22,'Carmen','Villar Gonza','73213256','20/04/2001','Residencial Revagliati cdr01','Carmen01@gmail.com','A'),
(23,'Carla','Villar Gonzaga','73214256','21/04/2001','Residencial Leguía dpto07','CarlaVG@gmail.com','A'),
(24,'Sara','Villar Gallo','73215256','25/01/2001','Av.Pedro Ruiz 005','SVillarG01@gmail.com','A'),
(25,'Samanta','Gonzáles Arrollo','73216256','01/04/2001','Residencial Leguía dpto09','SArrollo02_1@gmail.com','A'),
(26,'Silvia','Gomez Suárez','73217256','27/04/2000','Av.JLO','SSuarez_01@gmail.com','A'),
(27,'Sergio','Lacerna Reyes','73218256','29/04/2000','Luis Gonzáles cdr02','SReyesL@gmail.com','A'),
(28,'Susana','Sarate Reyes','73219256','08/01/1998','Av.Ramón Castilla 005','SSReyes@gmail.com','A'),
(29,'Sonia','Vasco Román','73212561','25/04/1995','Av.Ramón Castilla 001','SVRoman@gmail.com','A'),
(30,'Oscar','Castillo Zamora','73219256','25/04/2002','Residencial Leguía dpto10','OCastillo@gmail.com','A'),
(31,'Samuel','Vilma Soplapuco','70214256','25/08/20002','Residencial Leguía dpto11','SVilma_05@gmail.com','A');

INSERT INTO DOCENTE(id,nombre,apellido,dni,fecha_nacimiento,direccion,correo,estado) VALUES
(1,		'Juan'		,'Rojas Gamonal',			'13214244',	'04/01/1996',	'Av.Pedro Ruiz 001',		'RGamonal@gmail.com',	'A'),
(2,		'Jesus'		,'Rojas Vargas',			'23214245',	'11/02/1996',	'Av.Pedro Ruiz 011',		'Rojas@gmail.com',		'A'),
(3,		'Jorge'		,'Rioja Castro',			'33214244',	'01/03/1997',	'Av.Pedro Ruiz 021',		'RCastro@gmail.com',	'A'),
(4,		'Julio'		,'Rioja Garcia',			'43214245',	'11/04/1997',	'Av.Pedro Ruiz 031',		'Garcia@gmail.com',		'A'),
(5,		'Carlo'		,'Román Sarate',			'53214244',	'01/05/1997',	'Av.Pedro Ruiz 041',		'SRoman@gmail.com',	'A'),
(6,		'Luis'		,'Rondón Oregón',			'63214245',	'11/06/1997',	'Av.JLO cdr01',				'Rondon01@gmail.com',		'A'),
(7,		'Sergio'	,'Rojas Gamonal',			'73214244',	'01/07/1998',	'Av.JLO cdr02',				'Gamonal05@gmail.com',	'A'),
(8,		'Luis'		,'Villar Vargas',			'83214245',	'11/08/1998',	'Av.JLO cdr03',				'VVargas_01@gmail.com',		'A'),
(9,		'Juan'		,'Villar Gamonal',			'93214244',	'01/09/1998',	'Av.JLO cdr04',				'GamonalVillar@gmail.com',	'A'),
(10,	'Javier'	,'Rojas Vargas',			'71214245',	'11/01/1998',	'Av.JLO cdr08',				'Rojas_Vargas@gmail.com',		'A'),
(11,	'Leon'		,'Llerlin Villarin',		'71214244',	'01/01/1996',	'Av.JLO cdr07',				'LVillarin@gmail.com',	'A'),
(12,	'Raúl'		,'Rojas Villar',			'71214245',	'02/01/1996',	'Residencial Leguía',		'Rojas_V_01@gmail.com',		'A'),
(13,	'Armando'	,'Rojas Gamonal',			'72214244',	'03/01/1996',	'Residencial Leguía',		'RojasGa@gmail.com',	'A'),
(14,	'Josue'		,'Buendia Vargas',			'73214245',	'04/01/1995',	'Residencial Leguía',		'buendiaVargas@gmail.com',		'A'),
(15,	'Roger'		,'Marcelo Galindo',			'74214244',	'05/01/1995',	'Residencial Leguía',		'MG_0102@gmail.com',	'A'),
(16,	'Ricardo'	,'Vargas Sarate',			'75214245',	'06/01/1995',	'Av.Ramón Castilla 018',	'vSarate_0102@gmail.com',		'A'),
(17,	'Carla'		,'Romarí Gamonal',			'76214244',	'07/01/1995',	'Av.Ramón Castilla 019',	'Romari_Gamonal@gmail.com',	'A'),
(18,	'Silvia'	,'Vasco Vargas',			'77214245',	'08/01/1995',	'Av.Ramón Castilla 017',	'Vasco@gmail.com',		'A'),
(19,	'Sergio'	,'Rojas Vásquez',			'78214244',	'09/01/1996',	'Av.Ramón Castilla 010',	'RVasquez@gmail.com',	'A'),
(20,	'Jesus'		,'Ronal Vargas',			'39321425','11/07/1996',	'Av.Ramón Castilla 029',	'RonalVargas@gmail.com',		'A');

INSERT INTO SUSTENTACION(Id,fecha,hora_inicio,hora_fin,calificación,comentarios,decision,estado) VALUES
(1,		'01/01/2017',	'10:00:00'	,	'13:00:00'	,'Bueno',			'NINGUNO',		'Mayoria',		'true'),
(2,		'02/02/2017',	'10:00:00'	,	'13:00:00'	,'Malo',			'NINGUNO',		'Mayoria',		'true'),
(3,		'03/03/2017',	'10:00:00'	,	'13:00:00'	,'Malo',			'NINGUNO',		'Mayoria',		'true'),
(4,		'04/04/2017',	'10:00:00'	,	'13:00:00'	,'Bueno',			'NINGUNO',		'Mayoria',		'true'),
(5,		'05/05/2017',	'10:00:00'	,	'13:00:00'	,'Bueno',			'NINGUNO',		'Mayoria',		'true'),
(6,		'06/06/2017',	'10:00:00'	,	'13:00:00'	,'Bueno',			'NINGUNO',		'Mayoria',		'true'),
(7,		'07/07/2017',	'10:00:00'	,	'13:00:00'	,'Malo',			'NINGUNO',		'Mayoria',		'true'),
(8,		'07/07/2017',	'10:00:00'	,	'13:00:00'	,'Malo',			'NINGUNO',		'Mayoria',		'true'),
(9,		'08/07/2017',	'10:00:00'	,	'13:00:00'	,'Malo',			'NINGUNO',		'Mayoria',		'true'),
(10,	'10/07/2018',	'10:00:00'	,	'13:00:00'	,'Malo',			'NINGUNO',		'Mayoria',		'true'),
(11,	'17/08/2018',	'10:00:00'	,	'13:00:00'	,'Bueno',			'NINGUNO',		'Mayoria',		'true'),
(12,	'08/08/2018',	'10:00:00'	,	'13:00:00'	,'Bueno',			'NINGUNO',		'Mayoria',		'true'),
(13,	'09/09/2018',	'10:00:00'	,	'13:00:00'	,'Bueno',			'NINGUNO',		'Mayoria',		'true'),
(14,	'10/10/2018',	'10:00:00'	,	'13:00:00'	,'Bueno',			'NINGUNO',		'Unanime',		'true'),
(15,	'11/11/2018',	'10:00:00'	,	'13:00:00'	,'Muy Bueno',		'NINGUNO',		'Unanime',		'true'),
(16,	'12/12/2018',	'10:00:00'	,	'13:00:00'	,'Muy Bueno',		'NINGUNO',		'Unanime',		'true'),
(17,	'04/01/2020',	'10:00:00'	,	'13:00:00'	,'Muy Bueno',		'NINGUNO',		'Unanime',		'true'),
(18,	'05/05/2020',	'10:00:00'	,	'13:00:00'	,'Muy Bueno',		'NINGUNO',		'Unanime',		'true'),
(19,	'10/07/2020',	'10:00:00'	,	'13:00:00'	,'Muy Bueno',		'NINGUNO',		'Unanime',		'true'),
(20,	'11/08/2020',	'10:00:00'	,	'13:00:00'	,'Muy Bueno',		'NINGUNO',		'Unanime',		'true');

INSERT INTO TESIS(id,titulo,tema,fecha,nota,resolucion_Jurado,fecha_jurado,resolucion_Asesor,fecha_asesor,resolucion_Sustentacion,fecha_sustentacion,url,estado,id_Alumno,Id_Sustentacion)VALUES
(1,		'SISTEMA WEB PARA EMPRESA DE TRANSPORTE TERRESTRE Y AEREO',												'CIENCIA Y TECNOLOGIA'	,'01/05/2016'	,	18		,'00121',		'01/01/2017',		'05121',		'01/01/2017',	'14351'	,	'01/01/2017'	,'http://repositorio.usat.edu.ec/handle/redug/6611',	'true',1 ,1),
(2,		'SISTEMA DE TELECOMUNICACIONES PARA EMPRESA TELMARSUR SAC',												'CIENCIA Y TECNOLOGIA'	,'02/07/2016'	,	11		,'00122',		'02/02/2017',		'05122',		'02/02/2017',	'24352'	,	'02/02/2017'	,'http://repositorio.usat.edu.ec/handle/redug/6612',	'true',2 ,2),
(3,		'APLICACION WEB CON WEB SERVICE PARA EMPRESA GANADERA RUNASI',											'CIENCIA Y TECNOLOGIA'	,'03/11/2016'	,	11		,'00123',		'03/03/2017',		'05123',		'03/03/2017',	'34353'	,	'03/03/2017'	,'http://repositorio.usat.edu.ec/handle/redug/6613',	'true',3 ,3),
(4,		'APLICACION BASADA EN POWER BI PARA ANALISIS DE DATOS EN HOSPITAL',										'CIENCIA Y TECNOLOGIA'	,'04/11/2016'	,	17		,'00124',		'04/04/2017',		'05124',		'04/04/2017',	'44354'	,	'04/04/2017'	,'http://repositorio.usat.edu.ec/handle/redug/6614',	'true',4 ,4),
(5,		'APLICACION DE CONTROL BASADO EN ALGORITMOS GENETICOS ',												'CIENCIA Y TECNOLOGIA'	,'05/11/2016'	,	17		,'00125',		'05/05/2017',		'05125',		'05/05/2017',	'54355'	,	'05/05/2017'	,'http://repositorio.usat.edu.ec/handle/redug/6615',	'true',5 ,5),
(6,		'SISTEMA WEB PARA AEROLINEA ASBS LATAN',																'CIENCIA Y TECNOLOGIA'	,'06/12/2016'	,	15		,'00126',		'06/06/2017',		'05126',		'06/06/2017',	'64356'	,	'06/06/2017'	,'http://repositorio.usat.edu.ec/handle/redug/6616',	'true',6 ,6),
(7,		'APLICACION MOVIL PARA GESTION DE CITAS EN HOSPITAL REGIONAL',											'CIENCIA Y TECNOLOGIA'	,'07/12/2016'	,	10		,'00127',		'07/07/2017',		'05127',		'07/07/2017',	'74357'	,	'07/07/2017'	,'http://repositorio.usat.edu.ec/handle/redug/6617',	'true',7 ,7),
(8,		'SISTEMA DE GESTION PARA LA TOMA DE DESCISIONES EN AGROINDUSTRIAL POMALCA',								'CIENCIA Y TECNOLOGIA'	,'07/12/2016'	,	10		,'00128',		'07/07/2017',		'05128',		'07/07/2017',	'84358'	,	'07/07/2017'	,'http://repositorio.usat.edu.ec/handle/redug/6618',	'true',8 ,8),
(9,		'ALGORITMO GENETICO PARA OPTIMIZACION DE TRAFICO EN CENTRO DE LIMA',									'CIENCIA Y TECNOLOGIA'	,'08/12/2016'	,	07		,'00129',		'08/07/2017',		'05129',		'08/07/2017',	'94359'	,	'08/07/2017'	,'http://repositorio.usat.edu.ec/handle/redug/6629',	'true',9 ,9),
(10,	'DATA MART DESARROLLADO EN BASE DE DATOS NOSQL PARA LA EMPRESA AEREA LAN',								'CIENCIA Y TECNOLOGIA'	,'10/10/2017'	,	10		,'00120',		'10/07/2018',		'05120',		'10/07/2018',	'05210'	,	'10/07/2018'	,'http://repositorio.usat.edu.ec/handle/redug/6612',	'true',10 ,10),
(11,	'APLICACION WEB CON ALGORITMOS GENETICOS PARA LA PREDICCION DE TRAFICO EN LA RED',						'CIENCIA Y TECNOLOGIA'	,'17/10/2017'	,	18		,'00131',		'17/08/2018',		'05421',		'17/08/2018',	'05221'	,	'17/08/2018'	,'http://repositorio.usat.edu.ec/handle/redug/6622',	'true',11 ,11),
(12,	'BRAZO ROBOTICO PARA TERAPIAS EN PACIENTES CON PARALISIS PARCIAL DEL CUERPO',							'CIENCIA Y TECNOLOGIA'	,'08/10/2017'	,	18		,'00132',		'08/08/2018',		'05422',		'08/08/2018',	'05232'	,	'08/08/2018'	,'http://repositorio.usat.edu.ec/handle/redug/6632',	'true',12 ,12),
(13,	'ALGORITMO DE BUSQUEDA PSU PARA OPTIMIZAR VIAJES INTERURBANOS',											'CIENCIA Y TECNOLOGIA'	,'09/11/2017'	,	18		,'00133',		'09/09/2018',		'05423',		'09/09/2018',	'05243'	,	'09/09/2018'	,'http://repositorio.usat.edu.ec/handle/redug/6642',	'true',13 ,13),
(14,	'DESARROLLO DE UNA METODOLOGIA DE PROYECTOS DE SOFTWARE AGIL BASADO EN SCRUM Y RUP',					'CIENCIA Y TECNOLOGIA'	,'10/11/2017'	,	18		,'00134',		'10/10/2018',		'05424',		'10/10/2018',	'05254'	,	'10/10/2018'	,'http://repositorio.usat.edu.ec/handle/redug/6652',	'true',14 ,14),
(15,	'PROPUESTA DE UN SISTEMA OPERATIVO OPENSOURCE BASADO EN LINUX PARA UNA MEJOR GESTION DE SERVIDORES',	'CIENCIA Y TECNOLOGIA'	,'11/11/2017'	,	17		,'00135',		'11/11/2018',		'05425',		'11/11/2018',	'05265'	,	'11/11/2018'	,'http://repositorio.usat.edu.ec/handle/redug/6662',	'true',15 ,15),
(16,	'DISEÑO DE UN CARRO ECO AMIGABLE CON ARDUINO Y ORANGE PI',												'CIENCIA Y TECNOLOGIA'	,'12/11/2017'	,	17		,'00136',		'12/12/2018',		'05426',		'12/12/2018',	'05276'	,	'12/12/2018'	,'http://repositorio.usat.edu.ec/handle/redug/6673',	'true',16 ,16),
(17,	'SISTEMA INTELIGENTE BASADO EN REDES NEURONALES PARA EL APRENDIZAJE DE PERSONAS DISLEXICAS',			'CIENCIA Y TECNOLOGIA'	,'04/03/2018'	,	null	,null,			null,				'05427',		'04/08/2018',	null	,	null	,null,	'true',17 ,null),
(18,	'GENERACION DE HORARIOS PARA UNIVERSIDAD SCDA BASADO EN ALGORITMOS GENETICOS',							'CIENCIA Y TECNOLOGIA'	,'05/04/2018'	,	null	,null,			null,				'05428',		'05/09/2018',	null	,	null	,null,	'true',18 ,null),
(19,	'SISTEMA DE CONTROL GERENCIAL PARA TOMA DE DESCISIONES EN AGROINDUSTRIAL TUMAN',						'CIENCIA Y TECNOLOGIA'	,'10/04/2018'	,	null	,null,			null,				'05429',		'10/07/2018',	null	,	null	,null,	'true',19 ,null),
(20,	'IMPLEMENTACION DE UN ALGORITMO DE BUSQUEDA TABU EN EL CONTROL DE TRAFICO DE JLO CHICLAYO',				'CIENCIA Y TECNOLOGIA'	,'11/05/2018'	,	null	,null,			null,				'05420',		'11/08/2018',	null	,	null	,null,	'true',20 ,null);


INSERT INTO ASESORIA(id,comentarios,id_Docente,id_Tesis,fecha) VALUES
(1,		'NINGUNO'		,	1	,	1	,	'01/06/2016'),
(2,		'NINGUNO'		,	1	,	1	,	'01/07/2016'),
(3,		'NINGUNO'		,	1	,	1	,	'01/08/2016'),
(4,		'NINGUNO'		,	1	,	2	,	'02/08/2016'),
(5,		'NINGUNO'		,	1	,	2	,	'02/09/2016'),
(6,		'NINGUNO'		,	1	,	2	,	'02/10/2016'),
(7,		'NINGUNO'		,	6	,	3	,	'03/10/2016'),
(8,		'NINGUNO'		,	6	,	3	,	'03/11/2016'),
(9,		'NINGUNO'		,	6	,	3	,	'01/11/2016'),
(10,	'NINGUNO'		,	2	,	4	,	'30/12/2016'),
(11,	'NINGUNO'		,	2	,	4	,	'12/01/2017'),
(12,	'NINGUNO'		,	2	,	4	,	'04/02/2017'),
(13,	'NINGUNO'		,	9	,	5	,	'25/03/2017'),
(14,	'NINGUNO'		,	13	,	6	,	'06/04/2017'),
(15,	'NINGUNO'		,	3	,	7	,	'07/04/2017'),
(16,	'NINGUNO'		,	7	,	8	,	'07/02/2017'),
(17,	'NINGUNO'		,	3	,	9	,	'08/03/2017'),
(18,	'NINGUNO'		,	4	,	10	,	'30/12/2017'),
(19,	'NINGUNO'		,	12	,	11	,	'30/12/2017'),
(20,	'NINGUNO'		,	4	,	12	,	'08/01/2018'),
(21,	'NINGUNO'		,	5	,	13	,	'09/02/2018'),
(22,	'NINGUNO'		,	11	,	14	,	'10/02/2018'),
(23,	'NINGUNO'		,	5	,	15	,	'11/02/2018'),
(24,	'NINGUNO'		,	7	,	16	,	'12/02/2018'),
(25,	'NINGUNO'		,	10	,	17	,	'04/09/2018'),
(26,	'NINGUNO'		,	20	,	18	,	'05/10/2018'),
(27,	'NINGUNO'		,	18	,	19	,	'10/11/2018'),
(28,	'NINGUNO'		,	19	,	20	,	'11/11/2018'),
(29,	'NINGUNO'		,	14	,	20	,	'01/12/2018');

INSERT INTO ASIGNACION_JURADO(Id,id_Tesis,id_Docente) VALUES
(1,		1	,	1	),
(2,		1	,	9	),
(3,		1	,	18	),
(4,		2	,	1	),
(5,		2	,	4	),
(6,		2	,	10	),
(7,		3	,	6	),
(8,		3	,	8	),
(9,		3	,	14	),
(10,	4	,	2	),
(11,	4	,	4	),
(12,	4	,	20	),
(13,	5	,	9	),
(14,	5	,	19	),
(15,	5	,	12	),
(16,	6	,	13	),
(17,	6	,	16	),
(18,    6	,	15	),
(19,    7 	,   3   ),
(20,    7   ,   19  ),
(21,	7	,	11	),
(22,	8   ,	7	),
(23,    8   ,   5  	),
(24,    8   ,   18  ),
(25,	9   ,	3   ),
(26,    9   ,   10  ),
(27,    9   ,   9   ),
(28,	10  ,	4   ),
(29,    10  ,   7   ),
(30,    10  ,   17  ),
(31,	11	,	12  ),
(32,    11	,   20  ),
(33,    11	,   1   ),
(34,	12	,	4   ),
(35,    12	,   8   ),
(36,    12	,   15  ),
(37,	13	,	5   ),
(38,	13	,   16  ),
(39,	13	,   14  ),
(41,	14	,	11  ),
(42,	14	,   18  ),
(43,	14	,   12  ),
(44,	15	,	5  	),
(45,	15	,   19  ),
(46,	15	,   20  ),
(47,	16	,	7   ),
(48,	16	,   10  ),
(49,	16	,   17  );

INSERT INTO AUDITORIA(id,comentarios,estado,id_Tesis,fecha)VALUES
(1,		'NINGUNO'		,	'true'	,	1	,	'20/12/2017'),
(2,		'NINGUNO'		,	'true'	,	2	,	'20/01/2017'),
(3,		'NINGUNO'		,	'true'	,	3	,	'21/02/2017'),
(4,		'NINGUNO'		,	'true'	,	4	,	'15/03/2017'),
(5,		'NINGUNO'		,	'true'	,	5	,	'20/04/2017'),
(6,		'NINGUNO'		,	'true'	,	6	,	'17/05/2017'),
(7,		'NINGUNO'		,	'true'	,	7	,	'20/06/2017'),
(8,		'NINGUNO'		,	'true'	,	8	,	'20/06/2017'),
(9,		'NINGUNO'		,	'true'	,	9	,	'20/06/2017'),
(10,	'NINGUNO'		,	'true'	,	10	,	'21/06/2018'),
(11,	'NINGUNO'		,	'true'	,	11	,	'20/07/2018'),
(12,	'NINGUNO'		,	'true'	,	12	,	'20/07/2018'),
(13,	'NINGUNO'		,	'true'	,	13	,	'21/08/2018'),
(14,	'NINGUNO'		,	'true'	,	14	,	'20/09/2018'),
(15,	'NINGUNO'		,	'true'	,	15	,	'20/10/2018'),
(16,	'NINGUNO'		,	'true'	,	16	,	'20/11/2018');
